,pedestrian1,iceskater1,gymnastics1
Mean Shift,0.5895398805442917,0.3517098090163907,0.39994729512260635
Non Mean Shift,0.583418295341839,0.29115224770408443,0.31779748075903663
